{
     "b_energy_0": [
          750.0,
          750.0,
          839.95309,
          956.90617,
          1155.0469,
          1200.0,
          1200.0,
          1200.0,
          1200.0,
          1200.0,
          1200.0,
          1200.0,
          1200.0,
          866.66667,
          866.66667,
          866.66667,
          866.66667,
          1074.7855,
          741.45213,
          966.66667,
          633.33333,
          300.0,
          300.0,
          300.0
     ],
     "b_energy_1": [
          275.03418,
          275.03418,
          355.03418,
          355.03418,
          435.03418,
          435.03418,
          475.0,
          475.0,
          475.0,
          475.0,
          475.0,
          475.0,
          475.0,
          350.0,
          350.0,
          350.0,
          350.0,
          350.0,
          225.0,
          225.0,
          100.0,
          25.0,
          25.0,
          25.0
     ],
     "b_pch_0": [
          0.0,
          0.0,
          99.947875,
          129.94788,
          220.15637,
          49.947875,
          0.0,
          0.0,
          0.0,
          0.0,
          0.0,
          0.0,
          0.0,
          0.0,
          0.0,
          0.0,
          0.0,
          231.24311,
          0.0,
          250.23837,
          0.0,
          0.0,
          0.0,
          0.0
     ],
     "b_pch_1": [
          31.292725,
          0.0,
          100.0,
          0.0,
          100.0,
          0.0,
          49.957275,
          0.0,
          0.0,
          0.0,
          0.0,
          0.0,
          0.0,
          0.0,
          0.0,
          0.0,
          0.0,
          0.0,
          0.0,
          0.0,
          0.0,
          0.0,
          0.0,
          0.0
     ],
     "b_pch_grid_0": [
          0.0,
          0.0,
          0.0,
          0.0,
          150.15637,
          0.0,
          0.0,
          0.0,
          0.0,
          0.0,
          0.0,
          0.0,
          0.0,
          0.0,
          0.0,
          0.0,
          0.0,
          0.0,
          0.0,
          0.0,
          0.0,
          0.0,
          0.0,
          0.0
     ],
     "b_pch_grid_1": [
          0.0,
          0.0,
          0.0,
          0.0,
          100.0,
          0.0,
          0.0,
          0.0,
          0.0,
          0.0,
          0.0,
          0.0,
          0.0,
          0.0,
          0.0,
          0.0,
          0.0,
          0.0,
          0.0,
          0.0,
          0.0,
          0.0,
          0.0,
          0.0
     ],
     "b_pdis_0": [
          0.0,
          0.0,
          0.0,
          0.0,
          0.0,
          0.0,
          0.0,
          0.0,
          0.0,
          0.0,
          0.0,
          0.0,
          0.0,
          300.0,
          0.0,
          0.0,
          0.0,
          0.0,
          300.0,
          0.0,
          300.0,
          300.0,
          0.0,
          0.0
     ],
     "b_pdis_1": [
          0.0,
          0.0,
          0.0,
          0.0,
          0.0,
          0.0,
          0.0,
          0.0,
          0.0,
          0.0,
          0.0,
          0.0,
          0.0,
          100.0,
          0.0,
          0.0,
          0.0,
          0.0,
          100.0,
          0.0,
          100.0,
          60.0,
          0.0,
          0.0
     ],
     "b_pdis_grid_0": [
          0.0,
          0.0,
          0.0,
          0.0,
          0.0,
          0.0,
          0.0,
          0.0,
          0.0,
          0.0,
          0.0,
          0.0,
          0.0,
          299.94787,
          0.0,
          0.0,
          0.0,
          0.0,
          299.94787,
          0.0,
          299.94787,
          300.0,
          0.0,
          0.0
     ],
     "b_pdis_grid_1": [
          0.0,
          0.0,
          0.0,
          0.0,
          0.0,
          0.0,
          0.0,
          0.0,
          0.0,
          0.0,
          0.0,
          0.0,
          0.0,
          100.0,
          0.0,
          0.0,
          0.0,
          0.0,
          100.0,
          0.0,
          100.0,
          59.947875,
          0.0,
          0.0
     ],
     "b_pdis_load_0": [
          0.0,
          0.0,
          0.0,
          0.0,
          0.0,
          0.0,
          0.0,
          0.0,
          0.0,
          0.0,
          0.0,
          0.0,
          0.0,
          0.052125,
          0.0,
          0.0,
          0.0,
          0.0,
          0.052125,
          0.0,
          0.052125,
          0.0,
          0.0,
          0.0
     ],
     "b_pdis_load_1": [
          0.0,
          0.0,
          0.0,
          0.0,
          0.0,
          0.0,
          0.0,
          0.0,
          0.0,
          0.0,
          0.0,
          0.0,
          0.0,
          0.0,
          0.0,
          0.0,
          0.0,
          0.0,
          0.0,
          0.0,
          0.0,
          0.052125,
          0.0,
          0.0
     ],
     "b_soc_0": [
          50.0,
          50.0,
          55.996873,
          63.793745,
          77.003127,
          80.0,
          80.0,
          80.0,
          80.0,
          80.0,
          80.0,
          80.0,
          80.0,
          57.777778,
          57.777778,
          57.777778,
          57.777778,
          71.652364,
          49.430142,
          64.444444,
          42.222222,
          20.0,
          20.0,
          20.0
     ],
     "b_soc_1": [
          55.006836,
          55.006836,
          71.006836,
          71.006836,
          87.006836,
          87.006836,
          95.0,
          95.0,
          95.0,
          95.0,
          95.0,
          95.0,
          95.0,
          70.0,
          70.0,
          70.0,
          70.0,
          70.0,
          45.0,
          45.0,
          20.0,
          5.0,
          5.0,
          5.0
     ],
     "milp_status": "Optimal",
     "obj_value": -184.24340006,
     "p_cooling": [
          0.010425,
          0.010425,
          0.010425,
          0.010425,
          0.010425,
          0.010425,
          0.010425,
          0.010425,
          0.010425,
          0.010425,
          0.010425,
          0.010425,
          0.010425,
          0.010425,
          0.010425,
          0.010425,
          0.010425,
          0.010425,
          0.010425,
          0.010425,
          0.010425,
          0.010425,
          0.010425,
          0.010425
     ],
     "p_gen_pv_bat_0": [
          0.0,
          0.0,
          0.0,
          0.0,
          0.0,
          0.0,
          0.0,
          0.0,
          0.0,
          0.0,
          0.0,
          0.0,
          0.0,
          0.0,
          0.0,
          0.0,
          0.0,
          0.0,
          0.0,
          0.2905,
          0.0,
          0.0,
          0.0,
          0.0
     ],
     "p_gen_pv_bat_1": [
          0.0,
          0.0,
          0.0,
          0.0,
          0.0,
          0.0,
          0.0,
          0.0,
          0.0,
          0.0,
          0.0,
          0.0,
          0.0,
          0.0,
          0.0,
          0.0,
          0.0,
          0.0,
          0.0,
          0.0,
          0.0,
          0.0,
          0.0,
          0.0
     ],